,week,ctv_spend,linear_tv_spend,search_spend,social_spend,conversions,ctv_spend_saturated,social_spend_saturated,search_spend_saturated,linear_tv_spend_saturated
0,2024-01-07,85960.56983613479,107871.02860600868,38605.333804142334,24127.08174494015,3947.299952254796,0.022083126048638352,0.00011595039575898293,0.00012415111841826843,0.03929416053223766
1,2024-01-14,139492.90532866734,181403.14580251952,73979.32972595014,36376.00856683007,5111.558917658833,0.03226702632219426,0.00017725252235699905,0.00025359613367683374,0.05722849942568797
2,2024-01-21,187362.59073234515,246414.32137696154,58566.618813732384,45201.72195545411,5491.586661772405,0.04056566498472806,0.00022187419231564585,0.00019621262214886576,0.07115262087589316
3,2024-01-28,232313.16473203205,264117.1352514866,56164.45887510142,43426.62842151438,5584.064906207702,0.047864961559348926,0.00021287409064606227,0.0001873928595370218,0.07471515730997186
4,2024-02-04,243588.698653631,277066.51658552926,56594.54719161029,44559.96741764541,5761.9703751525385,0.049633945019454104,0.0002186189728423052,0.0001889693008183853,0.07726783426215077
5,2024-02-11,252323.88662492385,281611.7053080161,54581.05917591208,40364.480957651,5741.026920165201,0.050988942692502356,0.0001973775231159612,0.00018159933351216058,0.07815366155471913
6,2024-02-18,280974.5633817694,256027.6847497922,47628.91497240103,41464.037126323776,5572.733160220652,0.055344769246638434,0.0002029376590878233,0.0001563627936254957,0.0730979825429467
7,2024-02-25,291987.18941013457,266204.47610272747,53526.01630869061,40303.63739935203,5764.141157134586,0.056985188051284275,0.00019707000154632167,0.0001777481226880906,0.07512958652310292
8,2024-03-03,280508.8320165818,273321.19825109286,45418.41944671109,40791.37324869947,5657.557257334939,0.05527499515786347,0.00019953559935453972,0.00014841166332139137,0.07653398163041115
9,2024-03-10,285516.3433296734,311013.2906176362,46259.29672049637,43951.74753247324,5832.971856540753,0.05602348751826834,0.00021553529838974427,0.00015143191803420345,0.08376404124840459
10,2024-03-17,276762.3654891084,299032.30080611043,45892.90253660784,38357.62974877658,5658.376035944401,0.05471251174688644,0.00018724261415239429,0.0001501152394952411,0.0815021904952654
11,2024-03-24,270250.028817483,298930.0712176867,49528.14971030478,50320.365748636206,5869.259585044794,0.05372961012980091,0.0002478914390062976,0.00016322334485112424,0.08148274995356099
12,2024-03-31,275537.1242230815,295776.7771638161,66471.49639629715,40776.56026194954,6048.073982931084,0.05452809043349856,0.0001994607023011844,0.0002254801367644888,0.08088190830959865
13,2024-04-07,253400.3366959811,277807.62864677847,41944.00172890586,34818.50503184197,5510.6751546388805,0.05115501600227848,0.00016941330215637898,0.0001359914129857376,0.0774126253985784
14,2024-04-14,238822.83182319623,297386.27235349995,51027.52625675288,44125.48387248452,5763.7132103791655,0.048889037128260655,0.0002164159969485525,0.0001686577949606455,0.08118887772722219
15,2024-04-21,242932.6923882405,302242.4640264812,40222.00674948382,45992.748367002154,5615.597825450607,0.04953164989579908,0.00022588869662574276,0.0001298724781948575,0.08211142618533095
16,2024-04-28,240951.4831877946,306907.3127602718,43239.80013690276,46985.951422742924,5785.556348738707,0.04922224582161629,0.00023093251973324704,0.00014061223204740053,0.08299254111525667
17,2024-05-05,254378.6817528195,286413.0748465816,56359.19117445043,47472.30886588006,6022.40237948672,0.051305784117033904,0.00023340371139872926,0.00018810648335002936,0.07908385757312068
18,2024-05-12,249298.2392879813,304166.2216069433,52202.409514094135,43650.75542787713,6037.617717415378,0.05052109474969869,0.00021400979461450595,0.00017292710096795903,0.08247539153641677
19,2024-05-19,239094.31795925315,277692.374963419,41738.9260416133,37286.83618765609,5716.820712298664,0.04893157937180238,0.00018184213990438055,0.00013526138407892407,0.07739011736204189
20,2024-05-26,265318.79261239705,285720.09540427645,41509.45636018189,38859.84865119071,5894.515738642221,0.05298089996962545,0.00018977726845845666,0.00013444493436552918,0.07894995145764368
21,2024-06-02,264120.44122188765,310930.66242710256,51621.28262703945,35699.88797895306,5929.887011844221,0.05279836629615434,0.00017384806512307012,0.0001708142043532538,0.08374855269472606
22,2024-06-09,265862.0723686125,282945.67661277764,44228.068706194535,42386.23159546924,5815.55611302385,0.05306357654122237,0.00020760473701655685,0.0001441455605711792,0.07841266773916739
23,2024-06-16,247513.20766323013,271636.15437127004,47409.74740499344,40187.761042646154,5875.943804347533,0.05024434399154994,0.00019648437069218756,0.00015557280539649175,0.07620264696135919
24,2024-06-23,244653.81545107777,271001.03781772737,47691.48664308072,35175.94660922,5865.682366566555,0.04979987410719868,0.00017121135579407562,0.00015658839831875183,0.07607757239836367
25,2024-06-30,248684.98572405026,263137.7767517975,41924.38902818363,35203.82816759259,5754.038315352027,0.050426078008156995,0.00017135163540600348,0.0001359215804827163,0.07452031199588545
26,2024-07-07,236288.3645282435,242110.26318560858,59491.292178803924,38148.46758043744,5821.987379121522,0.04849124176443621,0.0001861873179417776,0.00019961718667063516,0.07027308928231248
27,2024-07-14,245364.42754049724,248623.00134497552,54252.0681321464,34864.4847942196,5875.784711778363,0.04991046616608345,0.00016964456159577248,0.00018039763197215763,0.0716018841768376
28,2024-07-21,237114.37783484516,238328.8817276322,31934.044270220806,31922.485583587324,5387.097627345106,0.04862101560236148,0.00015486869658377648,0.00010080047339267201,0.06949587646605969
29,2024-07-28,235352.7929305304,250973.46772850235,41311.71298848498,35411.36391180664,5707.954114978294,0.04834410563626588,0.00017239592026649814,0.0001337417212874268,0.07207845992778371
30,2024-08-04,229377.8390276697,238630.3025070967,39520.66334332,36731.16200328288,5615.646903442938,0.047400637219165494,0.0001790416713930023,0.00012738761886419624,0.06955798542800215
31,2024-08-11,254914.05995357604,263135.74758173176,47870.32659258571,33748.707023722025,5765.89299386171,0.05138822055146207,0.00016403557129054808,0.00015723337286868995,0.07451990802245839
32,2024-08-18,249098.29787245547,246722.2484666007,39103.04831536344,32346.121152784417,5571.32480572108,0.05049012317940596,0.0001569936413407698,0.00012591005744791136,0.07121533972541451
33,2024-08-25,231429.54737731337,241107.42421947443,40003.21571850211,34674.414047204205,5504.391945713994,0.04772535522801131,0.0001686886496436284,0.00012909684203254003,0.07006738160988868
34,2024-09-01,241971.75797241947,252686.5454809279,45423.06537880603,27305.91361966986,5609.765248075391,0.04938166829584934,0.00013177620950954888,0.00014842833557083168,0.07242481679352407
35,2024-09-08,223344.82389838257,231094.42762954076,48961.761265306006,23951.317183829065,5548.644757696651,0.04644120919080536,0.00011507731498142649,0.0001611746514111675,0.06799694129961532
36,2024-09-15,227810.6583692626,237778.4581319327,35026.70615126277,25624.26403383658,5254.151761666411,0.047152072836475524,0.00012339591460688602,0.0001115712408032286,0.06938238930184419
37,2024-09-22,204480.87981941868,254197.93453679443,36579.53624771613,28708.435861604077,5343.35796043291,0.04339504070746048,0.00013877882785278678,0.00011701510500498719,0.07272971278088287
38,2024-09-29,195833.44929893676,226842.98694574635,37309.44102819754,33366.71811978134,5222.975793308678,0.04197387915848177,0.00016211673886548265,0.00011958188762937093,0.0671085397961565
39,2024-10-06,206387.03547533893,233785.72186300572,35726.196669973826,41502.2411157993,5267.237311688409,0.04370615291120401,0.00020313093496772722,0.00011402062384410823,0.06855642513739946
40,2024-10-13,221681.17472734101,238383.8822272316,52309.688003450465,42290.584082883004,5593.332430318139,0.046175413676948655,0.0002071205212712989,0.00017331740349020266,0.06950721156629662
41,2024-10-20,226532.26852682853,249583.10487269436,47958.415971753624,37490.583795783554,5477.085467096072,0.04694896914828934,0.00018286933166296082,0.0001575511483246907,0.07179674223767267
42,2024-10-27,225519.3674703258,229197.48807313503,33597.70892420715,35709.512214174225,5169.124744752298,0.046787824562234605,0.00017389651079977654,0.00010658236798869319,0.06760124657020784
43,2024-11-03,224438.2298081905,215782.67434612493,45570.54494990468,29641.158030179537,5226.260731376047,0.04661560801438017,0.00014344219208157927,0.0001489576630426325,0.06477021940617926
44,2024-11-10,209100.5079607889,234566.9731499825,58855.41187957056,31847.730964967515,5560.639627616678,0.04414771882168983,0.0001544938271921771,0.00019727537097328119,0.06871842068934848
45,2024-11-17,209595.22686125833,242607.54276329995,54091.59492902814,32068.120463178842,5416.771429516945,0.04422806020311228,0.0001555990912417264,0.00017981173220993577,0.07037498420092182
46,2024-11-24,213322.79079994472,247727.54367889705,34326.20246528764,35361.054235180476,5110.761112124531,0.044831795176256996,0.00017214275158714595,0.00010912311567581449,0.07141990937928257
47,2024-12-01,233868.54979588802,252799.34608761172,36644.4099259517,31752.648028329968,5223.724530428298,0.04811035275646604,0.00015401706073193334,0.00011724303779188516,0.07244759435785704
48,2024-12-08,240151.73197894281,244674.75176034248,51546.4681742971,36576.30704105609,5456.40788737331,0.049097151651635446,0.00017826149023322777,0.0001705423581585166,0.0707977896100134
49,2024-12-15,220547.7686116404,253099.53110044712,41904.48148789638,44354.05221040903,5324.358947834905,0.045994025484775575,0.00021757482446475545,0.00013585070145743266,0.07250819267305836
50,2024-12-22,232989.27815817462,259078.83531178016,46346.17093205381,40067.88481651956,5448.064262091435,0.047971685939092804,0.00019587858422017132,0.0001517442605208723,0.0737100297489407
51,2024-12-29,234258.50668127686,250795.47916594445,51625.530113947636,41065.8011906761,5511.088546902304,0.048171805992227035,0.00020092331922885135,0.0001708296392030739,0.07204242610473591
52,2025-01-05,233409.37986779265,281214.0080015064,40964.63546611771,42817.87670316026,5370.959444732734,0.04803795644208671,0.0002097903945004254,0.00013250824643129067,0.07807635872420857
53,2025-01-12,248697.7807444564,282329.68645504874,44020.37766737782,38151.32136092091,5427.681326671364,0.050428061113382786,0.00018620171496069496,0.00014340236019755233,0.07829312067461541
54,2025-01-19,265177.5779976739,262925.15477328486,24120.774480292013,39684.32949943944,5058.397023830911,0.052959402093066904,0.00019394072129940348,7.406690579494371e-05,0.07447797656578484
55,2025-01-26,275359.82473015005,276344.14838098316,33494.254417896496,39453.1475457436,5220.591339249422,0.05450138440706057,0.00019277300702407797,0.00010622198793227762,0.07712657169317393
56,2025-02-02,262582.7952336031,263998.08281539363,44067.65589622449,39881.6152276784,5403.158994439819,0.0525638109546039,0.000194937403686721,0.00014357151016440955,0.07469148525707633
57,2025-02-09,262246.71788013977,281562.1545030131,39208.04132175619,36278.69288507197,5495.10655444755,0.05251249398450245,0.0001767623790361024,0.0001262813876230776,0.07814403220401327
58,2025-02-16,268975.1422516596,296419.4906644635,57729.412502536536,38448.29542555674,5839.380818852982,0.05353641464228153,0.0001877001140653067,0.00019313463903228049,0.08100456186591777
59,2025-02-23,282549.8274029696,280962.238679048,42747.37127151446,42126.60185230012,5582.115717142085,0.05558052610593282,0.00020629044608407715,0.00013885460768511986,0.07802740050811999
60,2025-03-02,275352.05544507573,297041.360490604,43605.752284842005,48843.68021191829,5712.3687937916,0.054500214034579185,0.0002403761993113885,0.0001419196967572386,0.08112314569746981
61,2025-03-09,273403.06208703265,298931.1494840769,49986.050537144314,50130.57721334351,5816.7983819702,0.05420632009246268,0.00024692513887631496,0.0001648813065035196,0.08148295501527185
62,2025-03-16,261056.7774513988,306980.93482428405,60606.234681329195,56585.20284863358,6118.136884045969,0.05233064931447036,0.00027985425581238474,0.00020372919532079625,0.08300640768363915
63,2025-03-23,251653.63467423612,325274.590984299,43404.9330338244,45126.683935193054,5787.849120461644,0.05088543790728695,0.00022149349124362278,0.00014120208095205885,0.08641501952833731
64,2025-03-30,270538.86145374656,307956.01500060665,55678.78648447921,47335.73830795414,5931.964052725323,0.05377334396783,0.00023270970803040145,0.00018561410249076798,0.08318994723878555
65,2025-04-06,289941.6130101854,292130.1784178229,53123.35039369625,45159.46158477209,5877.746773824563,0.056681838759115116,0.00022165978416172747,0.0001762802278974748,0.08018416120084833
66,2025-04-13,285853.8009492235,279645.4182701261,43750.89069937944,53713.35896605478,5747.964585415853,0.05607379352800025,0.0002651868098506922,0.00014243854222495682,0.07777107905260186
67,2025-04-20,295254.1316904166,273215.21356881066,51698.42760066711,43868.04815425108,5927.03822651233,0.057468399259884985,0.00021511105372793734,0.0001710945591735959,0.07651316308153265
68,2025-04-27,294830.6881618216,278455.5360380677,52748.86169189423,38204.91238950886,5890.6211750204675,0.057405854981933666,0.00018647208268916235,0.0001749160293652324,0.07753909387390015
69,2025-05-04,281839.36630857224,285915.36098027835,46399.10113442942,36693.87025743212,5777.316011378627,0.05547424360672181,0.0001788537802275491,0.0001519345908385814,0.07898769493720108
70,2025-05-11,284952.39106362883,290181.4523000508,49148.812279691105,27568.387597676945,5810.5113978095005,0.05593937927414739,0.00013308580909082184,0.0001618509813119759,0.07980999464676876
71,2025-05-18,300715.51546305296,299517.8989253034,47052.54064746469,31790.63682761825,5865.387625704774,0.0582727695234973,0.00015420753907328862,0.0001542860234138881,0.08159450146773409
72,2025-05-25,290795.11252127343,293540.8331053385,49220.30922200225,32582.013390944965,6028.461863672891,0.05680848300268477,0.00015817727586382393,0.00016210956315996489,0.08045445113251282
73,2025-06-01,301931.01017683226,307909.92815093935,53694.5373206176,37269.916012118134,6143.828755944425,0.058451216105111,0.00018175684542546185,0.00017836277777294685,0.08318127710355298
74,2025-06-08,259692.6304407546,292298.1718392225,60861.07198496333,40851.817121180975,6104.499247625232,0.05212189762788972,0.0001998412235762141,0.00020467010377747964,0.08021637452214804
75,2025-06-15,269825.091013095,320907.53672418767,42549.234026642895,49608.101362278074,6080.422098364582,0.05366524388248667,0.0002442656071170969,0.00013814795591210284,0.08560789637886747
76,2025-06-22,267652.34935224353,309249.4778085941,59704.74180068937,49214.13982509983,6210.261277416093,0.053335687038349025,0.0002422608622195492,0.00020040382849213615,0.08343308741968107
77,2025-06-29,261282.34900599663,281094.1467479012,37659.64608774698,40874.22461236411,5747.998980423693,0.052365138535469605,0.0001999545271101945,0.000120815174481046,0.07805305287103197
78,2025-07-06,259895.2984435053,260619.15390450886,41145.164239252525,34812.36134896597,5836.128067007369,0.05215293067826559,0.00016938240271349074,0.00013314969821729938,0.07401804583856662
79,2025-07-13,232242.98473468245,266694.4587055022,49566.82413415444,38029.89148106189,5884.094955061323,0.04785387882058307,0.00018558914603264697,0.00016336331884383594,0.0752267025623833
80,2025-07-20,234293.53550472803,260846.0952356581,48436.22163771906,30647.64954630661,5718.186874979249,0.04817732481286859,0.0001484799069167983,0.00015927578886665988,0.0740633727476784
81,2025-07-27,240679.1909765686,266681.8597974336,40945.51850057937,42980.15298185644,5760.644978879699,0.04917966766670273,0.00021061227977251708,0.0001324403365634755,0.07522420621359402
82,2025-08-03,260674.3986384732,267163.2009024335,41452.08979155874,45785.21995062808,5786.397008222752,0.052272165709920014,0.00022483525331410805,0.0001342408940242643,0.0753195494745959
83,2025-08-10,247574.77314201673,260101.5074790366,39859.98155666365,38322.184949879724,5631.415150087297,0.05025389823946776,0.00018706376917708377,0.0001285892877309033,0.07391460436256322
84,2025-08-17,234737.9141064106,244816.17784233525,38154.72821992724,28765.508002079932,5554.996125918196,0.04824731752200982,0.00013906402907847893,0.0001225605805979671,0.07082666993147815
85,2025-08-24,229086.186701025,225012.77895611658,47635.213049043414,38184.54104515259,5745.419374761039,0.04735441435418784,0.00018636930738443223,0.0001563855002816429,0.06672433689862892
86,2025-08-31,241339.86577311013,226929.40418325705,46867.3737585228,35624.17661561366,5567.5382466222245,0.04928295412260802,0.0001734669708101359,0.0001536193647062419,0.0671266544906734
87,2025-09-07,243886.36969583263,244092.63679530215,38195.36697395822,41512.54676253029,5600.389002971368,0.04968033772348832,0.00020318307276527849,0.00012270395112666305,0.07067885593491896
88,2025-09-14,233816.59269802348,245591.94469889815,46907.78407088134,30600.616705312714,5553.345870728911,0.04810216273931945,0.00014824437195033141,0.00015376483247885319,0.07098498447947406
89,2025-09-21,238665.33740588502,227236.06236005967,45936.92373796599,29103.903329630084,5472.561907412892,0.048864351473133914,0.00014075544910206695,0.00015027338030933112,0.067190916815985
90,2025-09-28,236180.9963067921,235258.44091290838,48126.87462730383,31806.899869318768,5515.651555036039,0.04847436419407653,0.00015428908536928792,0.00015815900883658007,0.06886164413906737
91,2025-10-05,246285.493805152,243267.28317529327,47866.29879445491,32941.303847659576,5529.5236883018715,0.05005367989275477,0.0001599806360617785,0.00015721884427555882,0.07051005621248778
92,2025-10-12,233627.7005736313,230800.12877651353,37297.75520147265,31932.734799638685,5310.708175437026,0.048072383422135816,0.00015492009526813197,0.0001195407541826827,0.06793562494872986
93,2025-10-19,229275.75745605773,236505.1805037034,36208.93328612149,36533.703925479116,5264.430065138732,0.04738446051507803,0.00017804686910279896,0.00011571375882419954,0.06911951431073125
94,2025-10-26,224811.93646645598,239503.74801019067,46083.11006298365,30271.07112970993,5403.495584198767,0.04667516178178548,0.00014659438793895575,0.00015079864343300214,0.06973780922009565
95,2025-11-02,209676.002016578,226930.14364831126,48090.27605341795,31856.554268275213,5330.919635278175,0.04424117313365029,0.00015453807157056395,0.00015802693002209462,0.0671268094864026
96,2025-11-09,221327.4996134982,239040.65921644837,43663.27481132834,34245.63701462469,5322.721781851218,0.046118839034241854,0.00016653287195702158,0.00014212530990784228,0.06964249744956581
97,2025-11-16,228968.07722887103,249698.99807174483,43640.20842728033,37225.439458429704,5340.436588364091,0.04733569109336443,0.00018153264563346342,0.00014204285637538016,0.07182024564161682
98,2025-11-23,232240.73105852838,264725.2489926446,52438.656955275736,40399.384140772374,5528.025296063748,0.04785352290772023,0.00019755394125841892,0.00017378672446264422,0.07483601407744521
99,2025-11-30,231830.5756824875,273770.5381849478,42221.821923823765,32703.46040231803,5399.116615897171,0.04778873327000366,0.00015878677170293003,0.00013698095611128054,0.0766222134141923
100,2025-12-07,219367.68042291133,248299.6002365306,46737.36343464488,26928.532063258564,5293.455711567716,0.045804899632122045,0.00012989402660539524,0.00015315144108511065,0.07153618907742475
101,2025-12-14,223206.76943868384,240768.77267663207,44386.21026735576,38191.38630568401,5262.395703107286,0.04641917306616564,0.00018640384214833392,0.00014471168299788042,0.06999784859119318
102,2025-12-21,227794.12683476516,255760.06341463624,43232.167820127936,39257.892567042174,5349.012265780154,0.047149448368737294,0.000191786940360036,0.00014058497501385396,0.07304417685029053
103,2025-12-28,227173.570827355,265901.84413113544,52960.37837796837,35190.25475649916,5505.171937353771,0.04705089448824799,0.00017128334346252542,0.00017568643241438404,0.07506957228498545
